;vote_id;comment_id;user_id;gender;age;content;vote;label
43;2558;1331;81;fem;32.0;Eu não tenho problemas, eu tenho soluções.;1;0.3333333333333333
118;1990;3097;64;masc;24.0;O maior apoio. Já passou da hora de as mulheres se liberarem. Ainda mais bonita como essa! Ah, meu Deus!;0;0.5
131;1559;1422;48;masc;24.0;Ficar pregando feminismo é fácil, quero ver é trocar o pneu de uma carreta.;1;1.0
184;1456;2366;31;fem;25.0;elas são minoria porque querem, nenhum homem obriga elas a estudar administração ou outra area, eu estudo ADS e tem mulheres na minha sala, então vamos parar de mimimi pfv rede E S G O T O de televisão...;1;1.0
187;2541;769;80;fem;27.0;Geralmente feministas são feias, gordas e por isso não recebem cantadas. Agora quem que as mulheres bonitas também não recebam. Não passam de invejosas.;1;1.0
259;3039;2773;102;fem;23.0;O MUNDO TA CHATO;1;0.75
281;1968;246;64;masc;24.0;Fora esquisito;0;0.3333333333333333
302;368;2140;10;masc;22.0;Se a conta do salão foi pro marido pagar...e se nunca se arrumou pro cara e derrepente resolveu se arrumar...mas pra outro...ah bichão perdeu a cabeça, era melhor ter pego outra baranguda desarrumada do q fazer isso ...Na boa mulher bonita g..osto..sa e suculenta é = melancia grande 1 só naum come sozinho.;1;1.0
323;210;2742;8;masc;24.0;No Brasil 60 milhões estão no SPC com dívidas na média de 3 mil reais.....aí o Zé muito mamado dá uns tapas na patroa vai em cana e depois chega a conta, 60 mil reais, internação, medicamentos, sala cirúrgica, psicologo, vão inventar o eskambau.....sabe quando o liso que ganha 2 salários mínimos vai pagar NUNCA e no Brasil ninguém vai preso por dívida ele vai preso pelos tapas.;0;0.3333333333333333
327;891;2683;24;fem;24.0;Quem agrediu primeiro????????????;1;1.0
350;4007;1474;148;fem;25.0;Um redator que sabe bem o quanto o feminismo causa ódio e polêmica (logo, visualizações) na massa acéfala de leitores do G1;1;0.3333333333333333
415;2871;589;93;masc;23.0;Sean Bailey estou contigo. Quero sair daqui assim que tiver condiçoes, antes que tenhamos que brigar por farinha e papel higiênico, como na Venezuela.;1;0.3333333333333333
443;200;44;8;masc;24.0;...exceto os falastrões destes comentários. Que também não tem avós.;0;0.6
455;3665;1585;127;fem;23.0;feia desse jeito, deveria é agradecer a Deus por alguem dizer algo de elogio, so ve nariz nessa horrorosa, e ainda fica com essa frescura toda.;1;1.0
572;281;761;1;fem;24.0;Concordo piamente !! Não aceito agressão física nem verbal.. .E digo mais: mulher que não leva cantada deve ser muito triste !! Qual mulher não gosta ?? Se alguma falar q não... aí tem problemas !;1;1.0
643;3984;360;147;masc;25.0;então suma do brasil, vai acompanhar o jean wilis kkk;0;0.3333333333333333
704;1098;1283;28;fem;22.0;Quanta vulgaridade, Jorge e Juliana. Vocês deveriam se envergonhar. Que papelão.;1;0.6666666666666666
711;857;2494;24;fem;24.0;kkkkkkkkkkkkk;0;0.3333333333333333
716;3871;935;143;masc;37.0;Até que emfim apareceu uma verdadeira mulher. Porque estas que estão denunciando os homens de assedio, não falam das mulheres que estão assediando a elas próprias.Interessante que acusam os homens que que foram  assediadas tanto tempo após o ato. Qual dessas assediadas apresentou uma queixa à polícia do acontecido.Houve uma que revelou que foi ao quarto do diretor para uma reunião e ele a assediou. É brincadeira, quem vai a um quarto de hotel para reunião de trabalho sozinha, está esperando o que?Reunião de trabalho dá-se em escritório e com várias pessoas da equipe presente.;1;1.0
720;203;2477;8;masc;24.0;"É isso ai cara.......a  Bruna diz isso pq  ela é a lavadeira da ""atriz"".";1;0.6666666666666666
769;513;2737;16;fem;21.0;O presidente propõe....kkkkkkkkkkk.....essa lei começou e terminou no Congresso o bozolino só fez sancionar, sua obrigação.;0;0.25
774;45;431;3;masc;46.0;Te dou razão nas suas palavras, mas não vejo opção melhor nas eleições, temos um Presidente mudando o Pais, espero que mude seu comportamento também, por que realmente a forma como ele responde e trata algumas pessoas é muito grosseira.;0;0.2
799;1633;2126;53;fem;23.0;Notícia sem nome e sem foto dos envolvidos pra mim é fake...;0;0.0
801;3913;2160;144;masc;29.0;Claro, a mulher deu uma marretada na própria cabeça e afundou seu crânio pra botar a culpa no cabra.;0;0.3333333333333333
970;3057;2078;103;fem;23.0;E as despesas que sua teve com a burrice desse covarde deveria ficar preso enquanto não pagar o último centavo das despesas e pagar a estadia na cadeia quer dizer quanto mais rápido ele ressarcir o sua mais barato fica pra ele;0;0.0
1018;4033;1663;148;fem;25.0;O coitado tem que usar óculos!!! ;1;1.0
1091;2540;448;80;fem;27.0;Salve Zira!;0;0.0
1092;1694;448;53;fem;23.0;Salve Zira!;0;0.0
1095;3211;1205;29;fem;27.0;Mulher adora um homem que não presta e aí... Apanha mesmo!!! Escolham homens que gostam de mulheres, que respeitam!! Basta ver pelos livros e filmes que são sucessos entre o publico feminino: 50 tons de porrada!! Para!!! A melhor coisa do mundo para um homem é ter ao seu lado uma mulher, esposa, mãe, cheirosa, bem humorada, companheira e apaixonada... Esta será eternamente feliz!;1;1.0
1096;1287;1205;31;fem;25.0;Mulher adora um homem que não presta e aí... Apanha mesmo!!! Escolham homens que gostam de mulheres, que respeitam!! Basta ver pelos livros e filmes que são sucessos entre o publico feminino: 50 tons de porrada!! Para!!! A melhor coisa do mundo para um homem é ter ao seu lado uma mulher, esposa, mãe, cheirosa, bem humorada, companheira e apaixonada... Esta será eternamente feliz!;1;1.0
1110;1210;2757;29;fem;27.0;Maravilha,  o que as monstrengas fe.minazis irão dizer agora ?;1;1.0
1122;722;863;22;masc;21.0;Estou pasmo!! Pensei que não existissem mais mulheres inteligentes nesse mundo!! Incrível!! Parabéns nobre, sensata e inteligente Catherine e demais mulheres do manifesto!!;0;0.6666666666666666
1176;797;2963;1;fem;24.0;Sei que isto que vou dizer não  justifica estes crimes, e nem concordo com a prática de nenhum tipo de agressão  às  mulheres.  Mas pergunto: quantas Najila da vida  nao existem por aí,  pintando e bordando com os homens, e lhes criando os mais diversos tipos de problemas na vida, se prevalendo dessas leis ?!;1;1.0
1183;2706;2711;83;masc;22.0;O cara bate o carro, todos lisos não tem seguro, uma conta de 3 mil reais o cara passa anos e não paga só quando o juiz manda penhorar o calhambeque dele aí ele paga.....imagine o zé da esquina bate na mulher 7 dias de internação a conta sai por 40 mil reais aí onde ele vai arranjar essa grana pra pagar e não tem casa, carro nada para penhorar.....vai morrer na cadeia e não paga.;1;1.0
1229;1670;725;56;masc;24.0;O Nível do Tal feminismo ,está perturbando até as mulheres.;1;1.0
1344;3659;385;127;fem;23.0;Constrangedor para ambas as Damas. Que barraco dos caras, vergonha para brasileiros e franceses.;0;0.0
1386;2758;1607;87;masc;21.0;Ela quis foi aparecer,tomara que nenhuma estrela de entrevista a ela!;1;1.0
1467;2995;2124;99;fem;22.0;BEM QUE ESTA mulher podia ser uma gaúcha, mas..........................;1;1.0
1545;736;766;23;masc;20.0;Catherine Deneuve  sabias palavras, o homem só desrespeita a mulher se ela dar abertura.;1;1.0
1572;4016;2826;132;fem;23.0;Em breve será acusado de assédio tbm.;1;0.6666666666666666
1695;2515;3009;80;fem;27.0;Calma gente, assim q o presidente sair, tudo volta a ser maravilhoso pq a raiva que sentem dele dissipará de seus corações.  Quanto a violência contra as mulheres, sempre existiu, e sim, temos que colocar a boca no trombone e fazer valer nossos direitos, para sempre.;0;0.0
1755;1596;1364;48;masc;24.0;Você deveria ter sido abortado.;1;0.3333333333333333
1780;1737;2234;1;fem;24.0;Justamente o que eu comentei sobre o estigma Danilo. E isso se aplica aos homens também. A maioria dos calouros de engenharia não têm ideia das funções que um engenheiro pode desempenhar e das respectivas áreas de atuação.;0;0.0
1805;1719;762;139;masc;22.0;Nossa Fabiano , que mimoso....;0;0.3333333333333333
1813;2632;1063;84;masc;27.0;É, meu chapa... se prepare, porque chegará o dia em que você só poderá cortejar ou elogiar uma mulher na presença de advogado e testemunhas.;1;1.0
1818;2333;69;71;fem;21.0;e a avó;1;0.4
1889;2599;1329;81;fem;32.0;O feminismo é o movimento que mais contribui diretamente para regalias aos marmanjos,barbados'', homens, machões . É oportuno, acomodo e favorável ao homem ...Mulheres que preferem ser escravas do Estado que é dominado e financiado  por HOMENS e agora trabalham para privilegiar os ''opressores'' .kkkkkkkkk Sempre tiveram o direito a trabalhar e agora perderam o direito de não trabalhar kkkkkkPor isso uma daquelas que é tão contra o femimiminismo !  kkkkkk;1;0.6666666666666666
2018;2614;2348;81;fem;32.0;Eu estudo engenharia e nunca vi os homens sendo preconceituosos ou machistas com as mulheres da turma, muito pelo contrario, sempre foram super bem tratadas e respeitadas. Elas nao fazem o curso porque simplismente nao querem, o vestibular é democratico. ;0;0.6666666666666666
2027;2808;144;88;fem;24.0;A culpa é quem fez esse bostanaro nas urnas, agora pegue papel higiênico macronutrientes e se limpe.;1;1.0
2033;3022;1754;100;masc;46.0;" - Tu(Olavo) ""tava"" indo tão bem, tão bem ... e no final : ""... E de fato ela é muito bonita sim ! ..."", deu uma ""mancada"", porém fique tranquilo, acho que não deverá ser acusado de assédio, ""sorte a tua"" ... não ser famoso ...";1;0.6666666666666666
2127;1498;1881;42;fem;23.0;Eu só acho que o que eu acho é o que eu realmente acho achar o que eu acho. Bom...Pelo menos eu acho isso!!!!;0;0.0
2259;3990;2822;147;masc;25.0;Perfeito Marcos. Isso aí. Quando é conveniente, o assédio é permitido.;1;1.0
2306;2045;2433;64;masc;24.0;Tudo balela....o vestibular está la pra quem quiser prestar. Mais igualdade que isso impossivel.Mais uma matéria do politicamente correto.;0;0.25
2417;3097;1367;104;fem;20.0;Não fizeram apologia também à homossexualidade ou ao aborto? Esse enem está cada vez pior!;1;0.6666666666666666
2419;3979;244;27;fem;25.0;Te cuida Michelle, o terrivelmente cristão Bozo tem histórico de sempre ir trocando por mulheres mais nova. E vc nao tem o finesse  da Sra Macron!!!;1;0.3333333333333333
2439;2289;1243;70;fem;25.0;Perfeito ess conceito de feminismo.;1;1.0
2452;73;251;1;fem;24.0;Nossa! Vendo essa foto de perto dela! É feia mesmo!;1;0.75
2526;1484;2493;42;fem;23.0;kkkk ela não é trouxa, é filha de trouxas mas nasceu diferente dos pais, nasceu bruxa.;1;0.3333333333333333
2547;3858;1785;137;masc;46.0;A CULPA NUNCA É DA VITIMA!!! pensa se fosse tua mãe, querendo elevar a auto estima pois ela tem esse direito, e teu pai vai lá e tenta acabar com a vida dela porque ele não soube lidar com o jeito incrivel dela? Seja mais lúcido nas palavras querido, o mundo agradece ;0;0.0
2574;2396;3279;72;masc;24.0;Já devia cozinhar pra fora antes da separação tbm...;1;0.6666666666666666
2613;1728;986;1;fem;24.0;O alvo dessas atrizes americanas histéricas não é o assédio é  o Trump;1;1.0
2639;2739;1082;86;fem;28.0;Concordo Comentador. Coisa de ESQUERDOPATA!;1;0.6666666666666666
2746;2598;988;81;fem;32.0;Pois é, do jeito q tá indo o mundo vai acabar estático, pq tudo q a pessoa se propõe a fazer é errado, politicamente incorreto... porém vale salientar que abuso é diferente de flerte cavalheiresco, então vamos ser cavalheiro e respeitar as mulheres!Beijos pras mulheres do meu Brasil!;0;0.6
2752;2142;590;69;masc;23.0;Demetrius Magnoli vc é um típico esquerdista que só sabe repetir clichês e xingar, uma vez que não tem argumentos. Estudo muito mais que vc pensa, meu caro.;0;0.0
2788;3218;1906;29;fem;27.0;"a quarta-feira (19), uma mulher foi agredida pelo ex-padrasto, que não concorda com a separação.a ""mulher"" era a filha, que levou um empurrão e bateu com a cabeça... o pai foi preso porque agrediu a vítima... olha o nivel das invenções";1;0.5
2840;276;1230;1;fem;24.0;Na sociedade atual as mulheres tem as mesmas chances que os homens e até em algumas carreiras profissionais preferem mulheres do que homens, da mesma maneiras tem profissões que exigem mais esforço físico os homens são preferência.No Brasil temos uma presidenta, temos senadoras, deputadas federais, estaduais, governadoras, prefeitas, vereadoras,.Têm-se mulheres bem sucedidas financeiramente e profissionalmente, elas em ocasiões que o marido morre ou às largam, cuidam dos filhos sozinhas. As feministas parecem que querem voltar a 50 anos atrás, onde as mulheres realmente não tinha direitos.;1;1.0
2850;2069;958;64;masc;24.0;Este meio de comunicacao nao cansa de expor mulheres praticamente nuas tanto na tv, como no site esta reclamando do que. hipocritas...;0;0.6666666666666666
2900;1604;2933;48;masc;24.0;Hilario isso, quer dizer que o problema é das mulheres que traem, mas os homens que desde caim e abel traem não tem problema né??? rsrsrsrs;1;0.3333333333333333
2922;2971;2727;96;masc;23.0;ah então ele não era machista ? ;0;0.25
2926;2512;434;80;fem;27.0;Coisa mais normal, bolsominion lambendo as bolas de outro bolsominion.. Ah Jefferson, faça-me o favor de não ser hipócrita. ;0;0.0
2972;507;2299;17;masc;25.0;É serio isso?  eu curso Nutrição e maioria da minha turma são mulheres, será que estou sofrendo por isso, não mesmo!a voce me diz ,onde está a desigualdade? vai no curso, e nutrição maioria são mulheres, vai no curso de engelharia e maioria são homens! simples assim. desigualdade querem colocar na cabeça das pessoas com essa matéria tola.;1;1.0
3100;971;2610;25;fem;22.0;Engraçado, o bolsonaristas sao um monte de coisas que vcs descreveram segundo vcs... mas...no entanto quem esta ofendendo sao vcs.. contraditorio ne!!! olha o que a esquerda causou no país, divisão! o que este caso tem a ver com politica? ;0;0.25
3125;3181;35;112;masc;22.0;Quando elegeram o atual, eu imaginei que ele seria tão estúpido quanto o preso, mas ele consegue superar todos os dias. Nisso aí ele realmente é um Mito. ;1;0.6666666666666666
3138;1812;220;61;fem;27.0;Quem assistiu o planeta dos macacos vai lembrar bem com quem ela parece!;1;0.75
3190;1564;2296;1;fem;24.0;O mérito não escolhe sexo ou raça, vamos parar de hipocrisia de exigir porcentagens de mulheres, homens ou negros, o espaço se ocupa com competência e não com rostinhos bonitos ou simplesmente por ter nascido em determinado grupo. ;1;1.0
3217;785;428;23;masc;20.0;Pelotas é cidade polo, exportadora de vi a do. Luh lah de Zilva ;1;0.5714285714285714
3242;2151;3040;24;fem;24.0;é só por mim que ninguém se apaixona nem se interessa,ô dificuldade;0;0.0
3306;481;2701;1;fem;24.0;Quando você for castrado sabendo q é inocente e q só usaram a palavra dela como prova, aí vc aprende.;0;0.3333333333333333
3333;2413;84;75;masc;26.0;Durma com uma bronca dessa.  kkkkkkkkkk;0;0.0
3353;657;2452;18;masc;20.0;Ajudei, ele estava com preguiça de lavar, então eu a carreguei até a cozinha para que ela lavasse, jane e melhor ir lavar a louça logo.;1;1.0
3456;2673;984;83;masc;22.0;"APLAUSOS  E MAIS APLAUSOS  , se o cidadão seduz ou tenta seduz alguem, se a outra pessoa n quiser diga n e sai fora , n aceite a ""sedução"" e depois fica com mimimi, eu deu pq era meu chefe mimimi... existem casos extremos , obvio que merecem denuncia, mas certeza de uns85% são aproveitadoras ... ";1;1.0
3468;1034;868;1;fem;24.0;em breve irei relembrar meus tempos de pré-primário...meninos de um lado do pátio e meninas do outro....Ridiculus!!!;0;0.4
3559;2715;463;83;masc;22.0;Uma coisa é indiscutível:  Brigitte Macron não merece ser e stup rada. ;1;1.0
3575;1101;1146;27;fem;25.0;Ficou nervosa, mona?;0;0.0
3611;2175;1120;24;fem;24.0;Mariela, do mesmo jeito que você morre de inveja das panicats da vida? Engraçado é que tu fala como se ele fosse te querer hahaha;0;0.6666666666666666
3746;470;2390;1;fem;24.0;Besteira são elas que escolhem outros cursos pq não tem afinidades com essas carreiras.;0;0.8
3754;1903;180;61;fem;27.0;é feia.. e veia...;1;1.0
3839;3200;710;112;masc;22.0;Me lembrei do filme Escola do Rock, muito bom o filme, aconselho á todos.;0;0.0
3842;2449;2530;27;fem;25.0;Tem que ouvir as que sairam comigo.... Aí vai querer receber o tratamento que ofereço a base de leite de cobra ...;1;1.0
3982;2482;953;1;fem;24.0;"Que babado hein ... ? As conterrâneas de Simone de Beauvoir protestando a favor dos HOMENS , k k k k k k k  ... . Feministas não estão nenhum um pouco preocupadas com o futuro dos homens , são misândricas e não procuram ""igualdade"" com eles, pelo contrário, subjugam e desafiam a inteligência masculina. É um movimento sinistro e diabólico, não é a toa que as verdadeiras feministas amam Mitologia Grega Romana ...";1;1.0
4047;853;2824;24;fem;24.0;A fã em momento algum negou o beijo, subiu ao palco pq quis e aceitou que fosse beijada por Bon Jovi. Haryane estava discutindo com Phellipe e ele roubou o beijo e ela demonstrou o incomodo, tanto que denunciou à direção do programa. Não é hipocrisia, é prestar atenção nos casos para não falar o que não viu. Boa tarde.;0;0.0
4050;4075;809;132;fem;23.0;Isso é só mimimi dessas feminazes burras que não sabem distinguir um flerte, uma cantada de um assédio sexual.;1;1.0
4201;3064;72;103;fem;23.0;Vou te dar opções, já que não está contente com o País:Cuba, Venezuela, Angola, Congo, Haiti, etc...  Se quiser, pago tua passagem com o maior prazer!!!;1;0.25
4224;895;3033;24;fem;24.0;"Vcs citam Rita Lee e esqueceram daquele seriado do Antonio Fagundes chamado ""Amizade colorida"" isso é mais velho q as Olimpídas... Se atualizem pessoas...";0;0.0
4282;172;45;1;fem;24.0;Quer seja física ou não, a ofensa a mulher e ao ser humano é um crime deplorável e deve ser punido na forma da lei. Este tipo de crime vindo de um mandatário de um país deve ser punido por leis internacionais como crime contra a humanidade e não interessa se o atingido é a Madame Brigitte Macrom ou qualquer outro ser humano.;0;0.0
4304;725;2619;18;masc;20.0;"SO DE LER O NOME DO BAR JA SABEM NE ""PARADA DOS NORDESTINOS"" KKKKK";0;0.0
4404;705;2399;23;masc;20.0;É fácil é só por um revolver na cabeça delas e forçar elas a estudarem ciência. Que coisa não, se não tem o que escrever  vai assistir o filme do Pelé.;1;1.0
4444;1448;1478;16;fem;21.0;Outra chata. ;1;1.0
4540;1971;1604;64;masc;24.0;Ah, para de mimimi, minha filha! Essa moça sentou no colo de um outro ator, ficou toda assanhada e agora fica choramingando pq o Vin Diesel a elogiou... Tá querendo aparecer sim!;1;1.0
4639;2661;2059;84;masc;27.0;E onde na reportagem tá dizendo que a mulher tinha uma medida protetiva ou já tinha denunciado uma agressão antes, meu filho? Interprete o texto antes de sair escrevendo esses clichês vazios;0;0.3333333333333333
4689;3879;2045;144;masc;29.0;Sandra! Essa medida protetiva é só um pedaço de papel que não serve nem pra limpar traseiro. A melhor medida protetiva é água ou óleo fervendo no ouvido. Com a água as porcentagens são meio a meio, se ele não morrer, fica maluco. Mas com o oleo é descanso eterno. Sempre digo isso as minhas manas.;0;0.0
4774;2293;2101;70;fem;25.0;Eita....macho cado.. A va...;1;0.75
4810;2856;2915;92;masc;23.0;"A violência é injustificável e longe de mim querer afastar a culpa dos homens que a praticam contra a mulher. Mas é preciso refletir a respeito dos atuais critérios que orientam o relacionamento entre homem e mulher. Como homem disposto a me comportar de modo igualitário em relação à mulher, disposto a compartilhar todo o trabalho doméstico, disposto a manter a fidelidade nos relacionamentos que tive afirmo que houve casos em que essas propostas, algumas, caso a caso,  não tiveram contrapartida por parte de todas as minhas companheiras, o que quer dizer que não é só o homem que provoca discórdias e ocorrências não consentidas entre os pares. Isso não me levou a praticar a violência. Para terminar há aquele ditado que diz: ""O homem mata, a  mulher destrói"" o que nos dá a ideia de que a mulher também pratica a violência, só que diferente.";0;0.6666666666666666
4816;4054;2017;132;fem;23.0;"Digo e repito, homem ciumento ou que acha que a mulher é propriedade dele tem que ficar na jaula. Antes porém, uma surra memorável dada por populares e depois um banho de alcool para ""sarar"" os machucados. Depois cana dura por 10 anos. Se ferir gravemente é cana pra 20 anos sem direito a progressão e se matar, é 30 anos sem nenhum direito. ";0;0.0
4900;376;1562;10;masc;22.0;Predador. Um ator de bos ta que se acha. ;0;0.0
4966;1704;3021;139;masc;22.0;Muito gostam do modismo quando acaba, as coisas voltam ao normal, nada para se preocupar.;0;0.5
5038;1963;300;64;masc;24.0;REALMENTE  a beleza externa É passageira,ela  passa o que permanece é  o conteudo .Mais as digo que o caráter de Brigitte não deveria receber aplausos dos esquerdistas ,até  pq uma mulher abandonar seu marido  e três  filhos e se juntar a um adolescente.......????????Afirmo isso pq seu historio ta escrito ou estou enganada....massas.........;1;1.0
5120;1136;139;29;fem;27.0;Tô usando o retrato dela pra espatantar barata aqui em casa...;1;1.0
5189;2596;486;81;fem;32.0;kkkkkkk coitado mesmo....;1;0.6666666666666666
5203;2814;765;88;fem;24.0;Minha musa;0;0.0
5215;3196;3265;112;masc;22.0;Se isso serve pra você  que bom. Eu não concordo com uma palaver sua, Mas cada um sabe o que é melhor pra si.;1;0.3333333333333333
5284;2594;3197;81;fem;32.0;Pelo menos essa assume, não fica pagando de santa .;1;1.0
5398;631;1729;16;fem;21.0;Burra! Quis ganhar seus 15 minutos de fama falando mal do Vin, era pra ter aceitado sair com ele! Agora tá com filme queimado !;1;1.0
5519;2107;3161;69;masc;23.0;podia ser 64, era melhor que 32, agora pra que explicitar?;1;0.3333333333333333
5633;1887;504;61;fem;27.0;So que essa pinta de loira.;1;0.5
5705;1901;2926;60;fem;34.0;POdemos notar que a advogada em questão está totalmente certa, sem essa de que o único problema são os homens não temerem a lei , se fosse assim todo homem q quer ficar rico iria traficar ou cometer outro ilicito, pq é fato q uma boa parte da parcela masculina gostaria de ter dinheiro a mais, porém eles não o fazem exatamente com medo dessas leis frouxas. Então não podemos dizer q o único motivo de matarem suas mulheres é a lei frouxa. Na verdade eles ficam tão cegos por ñ terem a mulher subordinada a eles q eles ficam cegos, nem lembram se a lei é frouxa ou não.;0;0.0
5767;2894;2282;95;fem;24.0;EEEEEEE NÓIS HOMENS , RECLAMAMOS DE == MULHERISMO , pois só elas podem parir==NOJENTAS;1;1.0
5835;1993;1207;66;fem;37.0;ENEM: um preparatório, um test-drive para o que vem pela frente para quem for apto a entrar na faculdade. Além da questão contradizer a parte de biologia que a própria prova tem a pachorra de cobrar faz essa apologia descarada às ideologias de esquerda que serão futuramente inseridas na cabeça de quem for cursar as lamentáveis faculdades federais brasileiras. Por um país livre de doutrinação, por um país com escolas e faculdades sem partidos e ideologias.;1;0.6
5918;879;1125;24;fem;24.0;Falou o MARCOS, o feministo. Homens apoiadores do feminismo, dos que que vi, 90% faziam amor de costas e o restante eram machinhos beta que não c0mem ninguém se rastejando por alguma aceitação feminina. São motivo de piada entre os homens e até as feministas fazem chacotas deles, procurem por ESQUERDOMACHO e vejam como eles são respeitados, rsrs. Emasculados apontando o dedo pra outros homens e sabotando o próprio time.. que NOJO.;1;1.0
6077;1127;2661;30;fem;24.0;Maria Silva, meu amor. Deixa eu te explicar uma coisinha básica é graças ao feminismo que você anjo, tem os diretos que tem baby, tem mulheres que lutam pela igualdade meu amor. Não sei se você sabe mais até os anos 60, por lei, as mulheres ainda precisavam de permissão do marido para trabalhar fora, além de outras coisas que graças ao feminismo mudaram a sua historia como mulher e de todas as mulheres. Então assim kiri, não tem que acabar com o feminismo baby, pesquisa antes para não falar coisas erradas na internet, bjs e um ótimo dia <3;0;0.0
6095;1414;2684;37;fem;24.0;Não vi nem socos e nem chutes, apenas tapas na cara, olha a fake news ai dona grobo falida.;0;0.6666666666666666
6164;2060;2890;31;fem;25.0;O feminicidio é cometido por apenas uma pequena parte dos homens que por não possuir resiliência chegam as vias violentas de fato. A maioria dos homens não é feminicida. Trata-se não de um problema de educação ou de leis mais duras, mas sim de um problema psicologico que precisa de estudos mais profundos do que limitar-se as justificativas padrão. O homem feminicida quando considera que não tem mais nada a perder, mata em um ato de desespero para se livrar da dor da frustração que esta sentindo. Para esse homem nada importa, a educação ou leis duras são ignoradas, apenas o que importa é se livrar da dor. Ou seja, ele vai matar na primeira oportunidade que tiver.;1;0.6666666666666666
6176;405;1975;1;fem;24.0;Meu Deus do Céu !!!! Quando esses covardes vão parar de agredir suas mulheres?? Quando uma lei de verdade vai punir esses cretinos? Covardes? Bater em alguém do tamanho deles eles não querem. ;0;0.3333333333333333
6228;1109;2791;27;fem;25.0;Se fosse branco ou mulher ainda tava lá....;1;1.0
6315;2686;1523;83;masc;22.0;Calma  Mariana Silva!!;1;0.25
6433;2562;1561;81;fem;32.0;Pois é, a entrevista não repercutiu, o assédio sim, kkkMenina, vc precisa aprender à conduzir uma conversa ( entrevista) na hora que acontece, impor respeito, ficar de risadinha na hora e se fazer de vítima depois é muita inesperiência, ou  semvergonhice mesmo.;1;0.6666666666666666
6444;100;3073;1;fem;24.0;Toda mulher tem sim a obrigação de respeitar e atender o chefe da casa.Cada uma sabe o risco que corre quando é negligente com seu  macho e protetor.;1;1.0
6529;2321;1793;71;fem;21.0;"Tinham que deixar  esse ""valentão ""    numa cela cheia de presidiários que estão na seca   de mulher há um tempão...Ia  sair da lá  sem poder tomar sopa por um bom tempo...";0;0.3333333333333333
6655;841;1145;24;fem;24.0;Homens apoiadores do feminismo, dos que que vi, 90% faziam amor de costas e o restante eram machinhos beta que não c0mem ninguém se rastejando por alguma aceitação feminina. São motivo de piada entre os homens e até as feministas fazem chacotas deles, procurem por ESQUERDOMACHO e vejam como eles são respeitados, rsrs. Emasculados apontando o dedo pra outros homens e sabotando o próprio time.. que NOJO.;1;1.0
6694;1160;491;33;fem;21.0;Melhor ser feia ( o que não é o caso) do que ter  recebido cheque de miliciano.;0;0.0
6846;770;1508;18;masc;20.0;Amo Jout Jout! Diva!;0;0.0
6919;3980;1309;147;masc;25.0;Julianão,a feminista com certeza é gorda,tem os pêlos do suvaco coloridos e não gosta de homens rsrsrs;1;1.0
6922;1332;1178;37;fem;24.0;Já tem muitas feministas em cursos de exatas, querido. Toma cuidado com as besteiras que vc fala sobre mulheres pq pode ter uma feminista na carteira ao lado...;1;0.3333333333333333
6961;942;1382;24;fem;24.0;Acertei a questão e não tô nem aí pro Feminismo!!!;1;0.6666666666666666
7010;2501;2545;31;fem;25.0;bunitinha mas ordinária !;1;0.75
7080;3096;744;104;fem;20.0;Minha úlcera estomacal chega a saltar para fora diante de um comentário tão asqueroso como este, e o pior, vindo de uma mulher. Com certeza ela está ganhando um bom dinheiro de algum macho nojento para ir tão a favor do patriarcado. Hoje mesmo eu fiz um post para avisar que estou desfazendo a amizade com todas as minas que mantem amizade com macho no facebook. Manter amizade com macho, é manter as bases do patriarcado. Não existe diálogo, só o desprezo mesmo. Um xau e três beijos para as biscoiteiras e xotas mandadas pseudo feministas.;1;1.0
7092;2918;119;1;fem;24.0;Um cometário desse ter deslike só prova a que ponto o fanatismo da esquerda chegou;0;0.4
7162;2171;1764;24;fem;24.0;"Lá vem a frescura: ""tô abismada..."". Coisas piores acontecem no Brasil real e duvido que essa daí vem com esse ""tô abismada..."". Talvez, em relação ao BBB, ela também fique abismada...";1;1.0
7188;1389;2319;44;fem;24.0;"O acesso ao estudo é igual. As provas são feitas de igual pra igual. Das duas uma: Ou as mulheres não têm tanto interesse em entrar nesses cursos ou não estão tão aptas para tal. É complicado se posicionar sobre o tema, pois levam tudo ao pé da letra. Sei que há milhares de mulheres que sofrem abuso e preconceito em diversas áreas, mas acho que deveriam ter mais cuidado ao relacionar qualquer tema que vier a frente com machismo, preconceito ou a tal ""desigualdade"".";0;0.6666666666666666
7212;2542;1303;74;masc;28.0;O feminismo repercute mais, pois é um movimento enquanto que o machismo é apenas uma posição........ Por favor não pensem em sexo  quando lerem a  primeira frase desse comentário. Já pensou né?;1;1.0
7223;635;2918;18;masc;20.0;A única linguagem que esses covardes entenderiam, seria se houvesse uma punição de verdade, não esse faz de conta na hora de prender.;1;0.25
7239;661;881;20;fem;24.0;Me obrigo agora bater palmas a essa mulher. Parabéns. Eita povinho chato tem mania de levar as coisas sempre para extremismos. ;1;0.75
7254;1050;3159;1;fem;24.0;Nossa!!  E alguém quis mesmo??;0;0.6666666666666666
7289;1503;2725;42;fem;23.0;"Isto é bom porque ele vai pensar duas vezes antes de jogar sobre as mulheres suas frustrações, as vezes até por ter dúvidas sobre sua própria masculinidade. Têm muitos homens q batem em mulheres simplesmente por não ""saírem do armário"" e ficam com inveja do sexo feminino.";0;0.3333333333333333
7337;1430;477;6;masc;24.0;Um presidente desrespeitoso apoiando o comentário de um semialfabetizado.;0;0.0
7409;2000;2298;64;masc;24.0;Agora eu pergunto: QUEM ESTÁ IMPEDINDO? Vagas não tem gênero, parem de arrumar desculpinha e mimimi e façam o que querem.;0;0.6666666666666666
7473;3126;3214;106;fem;27.0;Não sou machista, mas creio que o casamento dessa senhora tenha ruido talvez por culpa dela. Não há dúvidas que chega um momento na vida de um casal que a monotonia toma conta do relacionamento, então, o que fazer? Eu, há alguns anos, tive a ideia de fazer da minha esposa a minha amante. Propus a  ela que me encontrasse em algumas sexta-feiras, quando eu saísse do trabalho, em estações do metro. Ela deveria vir com roupas provocantes e sexy, sozinha. Nesses dias, de longe, eu a via chegando, com muitos homens olhando para ela. Confesso que isso me deixava doido de ciumes, mas quando ela se aproximava de mim e me beijava, eu sentia um prazer imenso. Então, íamos  a um barzinho, onde bebíamos  como dois libertinos , e  depois íamos a um motel, e, algumas vezes, para que eu tivesse certeza que aquela não era minha esposa e sim uma mundana, eu pedia para que ela já chegasse semi-nua na portaria. Era maravilhoso fazer da minha mulher uma prostituta.;1;1.0
7602;3660;512;127;fem;23.0;CHAMOU DE MENTIROSO PRIMEIRO ! MERECEU OUVIR ;1;1.0
7603;1246;512;31;fem;25.0;CHAMOU DE MENTIROSO PRIMEIRO ! MERECEU OUVIR ;1;1.0
7637;1896;142;61;fem;27.0;É mais feia que bater na mãe;1;1.0
7701;2713;623;83;masc;22.0;Disse tudo, Pamela. O pessoal aqui parece que gosta de viver na ignorância, né? Pura preguiça de pensar.;0;0.0
7789;601;1160;18;masc;20.0;Pois é. Por que não reclamou antes dos Vingadores. Ainda bem que... Não. Não vou dar spoilers... =);1;0.5
7895;728;894;16;fem;21.0;Grab her by the pussy.;1;1.0
7933;2479;471;79;masc;24.0;Só duas palavras, espelho meu.;1;0.3333333333333333
7971;854;3169;24;fem;24.0;Bom texto de ficção.;1;0.3333333333333333
7988;2619;1441;81;fem;32.0;Meninas é verdade que as mulheres ganham 30% menos do que os homens? ;1;0.6666666666666666
8061;1766;2805;53;fem;23.0;Não da nada porque ainda há muito machismo nesse meio. Justamente por isso que tem que se perder tempo para mudar isso. Ridículo o desdém desse comentário.;1;0.6666666666666666
8182;4266;2871;152;masc;32.0;Desde o princípio o homem escreve livros para se por em destaque e dizer como as mulheres devem agir.;1;1.0
8334;113;321;1;fem;24.0;desculpe, que peruca feia essa cabeça feia carrega;1;1.0
8349;2006;402;31;fem;25.0;"O mito só falou verdades .. Pior que, ele não disse nada d mais, ""só"" pediu pra o cara não humilhar rsrsrsrs KD o cara da postagem?? Vão procurar ele, hora bolas.";0;0.3333333333333333
8430;2284;1695;69;masc;23.0;aceite a verdade c/a/r/l/o/s.;0;0.0
8623;2152;601;69;masc;23.0;A menina de camisa vermelha com o baixo parece um garoto. Elas querem ser homens é isso mesmo?;1;1.0
8647;72;1390;1;fem;24.0;Ninguém nasce homem, torna-se homem;0;0.25
8674;2091;720;64;masc;24.0;"Essa velha já aposentou há muito tempo. Não sente mais nenhum prazer e nem mesmo homens de sua mesma idade a procura. Homens de sua época sabiam como chegar numa mulher, sabiam dar cantadas....o que vemos hoje no mundo, e principalmente no Brasil são homens desrespeitosos que assediam, abusam e estupram. Não acreditam na cultura do estupro? Então façam uma pesquisa no google sobre ENTEADO...e depois façam uma pesquisa sobre ENTEADA e irão ver que essa ""cultura"" existe.";0;0.3333333333333333
8780;1341;2201;44;fem;24.0;QUE  BOM  !!!  PERMANECERÁ  ASSIM...  FOREVER  AND  EVER;1;1.0
8870;363;2664;10;masc;22.0;A bebida limita o raciocínio, agora ele será sempre um assassino!;0;0.3333333333333333
8886;2930;64;1;fem;24.0;Agradecer a quem... Os artistas hipócritas de esquerda... O nosso presidente mostrou para o almofadinha do Mácron que o Brasil é dos Brasileiros. Estamos com o Sr presidente. ;0;0.3333333333333333
9040;2140;2652;68;fem;37.0;todos sabemos que nao, mas mulher ser fragil e bla bla bla;1;1.0
9043;2913;1510;1;fem;24.0;Jose Lopes , pois é a mídia já comeu seu cérebro por isso tal comentário contra mim, mostrando que o ignorante na realidade é você veja não tem argumentação bem quem é ignorante nunca quer ser sozinho.;0;0.3333333333333333
9071;2610;2400;81;fem;32.0;Se sao a minoria por poucas se inscrevem, poxa to cansado dessas matérias. Elas são proibidas de entram la???;1;0.75
9111;684;181;20;fem;24.0;Quero ver você aos 66 anos, como vai ficar...;1;0.6666666666666666
9153;1081;487;26;masc;25.0;Esse bozo devia parar de mexer com rede social, se não sabe não usa. Já basta o nepotismo. Cala a boca e trabalha bozo, mostra que vai fazer alguma coisa além de besteira.;0;0.0
9178;1045;1216;1;fem;24.0;"Vixe! tem até isso agora: femicídio!!! deve ser para criar uma secretaria especializada em feminicídio e outra em femicídio. Dar emprego ideológico a ""cumpanherada""";1;1.0
9226;1054;977;1;fem;24.0;"Parabéns à essas ""mulheres de verdade"" que entendem que o homem ""macho"" nasceu para seduzir e conquistar, quer seja com uma serenata como antigamente ou com diamantes de 1 milhão de dólares... Acontece que a humanidade está sendo submetida à uma ""nova ordem"" onde surgem os novos ""gêneros de sexo"", o novo puritanismo, o ""empoderamento"" das mulheres o ""politicamente correto"", o ""tudo é racismo e preconceito"", a cantada que vira assédio e o beijo no rosto que vira estupro!";1;1.0
9229;434;18;1;fem;24.0;BOLSO NARO NUNCA NUNCA NUNCA MAIS!!!;0;0.0
9306;2462;646;79;masc;24.0;Pregam a igualdade separando... pq não faz com meninos e meninas, o que vocês acham que as menininhas vão pensar depois? Elas vão se isolar nas outras tarefas e brincadeiras. Eu tenho filho e filha, o meu filho ensina ela a jogar vídeo game e bola, e ela ensina ele a desenhar e a ser organizado, menino é mais largado e a menina é naturalmente mais carinhosa e organizada.;1;1.0
9349;1370;2121;37;fem;24.0;Kkkkkkkkkk mano a mulher só queria ficar mais bonita  e o cara surtou kkkkkk;1;0.6666666666666666
9444;1221;921;31;fem;25.0;Até que enfim uma mulher sensata, diferente dessa bruxas feminazes de Hollywood;1;1.0
9485;2906;3007;1;fem;24.0;E também parece que virou moda.;0;0.25
9511;1994;387;64;masc;24.0;Quem começa que é culpado. O Maricon colonialista e sua mulher dragão, precisam de mais espaço na Amazônia além da colônia deles, a guiana, para criar seu dragÕeszinhos.  ;1;1.0
9523;3806;3105;128;masc;23.0;Engano seu. Homens são LOUCOS por mulheres maduras!;0;0.3333333333333333
9530;118;2716;1;fem;24.0;Ceres, você acredita nisso ? Você não sabe que para fazer alguém pagar, não é nada fácil.  Tudo segue um processo, que leva tempo, pois são vários, e vários casos. Havendo bens, são escondidos pelo devedor. Ou seja. Essa medida terá pouquíssima eficácia. Acho que é até, somente, para melhorar o capital político de alguém.;0;0.0
9559;2242;2674;71;fem;21.0;Ela pegar o cara pelos colarinhos, dando uma de super mulher tudo bem, levar tapa na cara não pode... Ele errou e ela errou tb, não se sabe o porque tudo começou, e teve como consequência a morte do lado mais frágil. Precisamos de uma Lei Zé da Favela, porque as mulheres podem tudo e o homem não podem nada.;1;1.0
9607;2882;374;94;fem;22.0;O G1 já deve ter feito umas 10 matérias falando a mesma coisa. Haverá mais matérias sobre isso, daí eles acrescentam um parágrafo e dão ctrl c e ctrl c nas matérias anteriores.;1;0.25
9709;3062;1711;103;fem;23.0;Essa palhaça sentou no colo do Mamoa e agora reclama... Só quer aparecer, conseguiu;1;1.0
9797;3090;2310;104;fem;20.0;60% de TODOS os cursos superiores ocupados por mulheres: COMPETÊNCIA 3% de Prêmios Nobel: MACHIIIIIIISMO.... Vá entender....;1;1.0
9873;1755;2453;58;masc;23.0;ISSO É O FETICHE JOSILDOSRC ENTRE O CASAL, OS DOIS JÁ NÃO TEM CACUÊ PRA ISSO FOLDENCOXINHATUCANALHAMEREDÃO UM NOVENTÃO OUTRO DOGRASIL. ;0;0.3333333333333333
9892;2985;1658;97;masc;23.0;kkkkkkkkkkkkkkkkkkkkkkkkkkkkkkkkkkkk....UMA DAS CRITICAS DE CINEMA MAIS CONHECIDAS....kkkkkkkkkkkkkkkkkkkkkkkk...A vítima nesse caso é o Vin Diesel, ne?!;0;0.8
9925;1894;3110;61;fem;27.0;Olhando bem, acho que para vender o livro;1;0.6666666666666666
10027;2898;1888;1;fem;24.0;Acho que não foi só por isso não, não justifica o que ele fez,  tem mais coisas envolvidas, apesar de ter louco pra tudo. Nesse mundo.;1;0.3333333333333333
10045;3189;3152;110;fem;21.0;Ninguém nasce com manual de instrução. Cada vida é uma experiência boa ou ruim. Sem demagogia fui um marido infiel por trinta anos. Sofri e fiz sofrer muito. Quando veio a separação, eu pude cair na real e viver um amor honesto e fiel. Minha ex  foi protagonista e vítima também.  Não se pode julgar ninguém. Não existe duas vidas  exatas. A gente mais erra, do que acerta na vida. o que muda é a gravidade dos erros.;0;0.3333333333333333
10067;3063;962;105;fem;23.0;Correto, e qual mulher normal não gosta de receber uma cantada??? ;0;0.75
10180;2056;2247;31;fem;25.0;E pq as mulheres (de modo geral) não possuem o interesse? Será que não é por conta de sua educação e sociedade? leia o texto todo;0;0.0
10194;500;2542;16;fem;21.0;ai so depende da sua contra corrente kk;1;1.0
10225;2846;338;91;fem;44.0;Agora eu fiquei sem entender nada,, toda vida eu fui ensinado a não mentir, inclusive tem um ditado que eu não esqueço, (QUEM FALA A VERDADE, NÃO MERECE CASTGO).kkkkkkkkkkkkk;0;0.3333333333333333
10311;3051;333;103;fem;23.0;Pardon, madame Macron..... Esse Asno é um doente psiquiátrico e não sabe o que faz.... Logo o internaremos, não se preocupe. ;0;0.0
10321;1072;1446;1;fem;24.0;São misândricas.;1;1.0
10363;23;1677;1;fem;24.0;concordo;1;0.75
10503;1423;272;41;masc;24.0;Censor de texticulo ( o cara censor trocou as bolas kkkkkkk);0;0.3333333333333333
10509;1053;2564;1;fem;24.0;Ermiome.;0;0.6666666666666666
10577;2575;117;81;fem;32.0;"Ambas as esposas tem sua beleza, nossa primeira dama além de bela fisicamente  é muito bonita espiritualmente! Acho que o problema é dos dois ""abençoados"" que em vez de estarem gerenciando suas respectivas nações ficam a trocar farpas mídia afora. Meu recado pros dois é:  vão trabalhar, vão produzir, vão gerenciar  com dignidade seus países e honrem suas respectivas mulheres e as dos outros mais ainda...";0;0.3333333333333333
10596;1621;1258;48;masc;24.0;A MULHER CONTINUA VÍTIMA DE MACHISMO ATÉ OS DIAS DE HOJE... QUALQUER HOMEM PODE TIRAR A BLUSA E MOSTRAR OS PElTIlNHOS NO MEIO RUA, E NINGUÉM FALARA NADA, MAS A MULHERES CONTINUAM ESCRAVAS DOS HOMENS É ISSO QUE ELAS QUEREM  SEMPRE VÃO TER QUE ESCONDER OS MAMlLOS PORQUE ELAS SÃO E SEMPRE SERÃO SUBMISSAS AO MACHISMO E AOS HOMENS, ELAS MERECEM SÃO COVARDES E POR ISO SE COBREM COM AQUELES TRAPOS RIDÍCULOS.. MELDELS QUANTAS VERDADE EU DISSE AÍ EM CIMA. ;1;1.0
10615;1881;914;61;fem;27.0;Você pode cantar um homem ué.;0;0.4285714285714285
10703;1847;2265;61;fem;27.0;Não, Dona Maria! Ninguém falou de obrigação, só falei da média mesmo. Bom curso, sucesso! Ah, mulher em exatas ainda é minoria.... mas não é imposição. Biológicas é maioria. ;0;0.25
10762;1550;1813;46;masc;21.0;Então sai daqui dessa seção,  tá cheio ;0;0.0
10806;1683;2430;57;masc;24.0;Mas que chororô!!! Acho que nunca havia lido tanta bobagem em uma reportagem. Se eu que nasci em uma favela, de família simples, prestei vestibular engenharia e passei para faculdade pública, fiz concurso público e passei para empresa pública... por que uma menina educada em uma família com muito mais condições do que eu não conseguiria? Puro comodismo, falta de interesse e etc... ;0;0.75
10868;2853;3124;91;fem;44.0;"Cada pessoa faz o que quer e, se essa mulher precisava fazer isso para se sentir vingada, ""quite"", em paz consigo mesma, OK. Cada um sabe o tamanho de sua dor e de como aplacá-la. Só não entendo por que a intimidade das pessoas precisa ser tão exposta, sendo essa uma questão de foro íntimo. .Também me incomoda quando os homens insistem em chamá-la se ""senhora idosa"". Por que não se referir a ela apenas como ""mulher""? Não importa a idade, as mulheres têm libido, têm prazer, têm tesão, e são livres para se satisfazerem sexualmente.";0;0.0
10872;1412;2747;37;fem;24.0;Por que homem  pode se defender e mulher não! E só homem bate, mulher não! Esse é o entendimento social e público!;0;0.5
10920;697;674;20;fem;24.0;RAMONES, essa tem bom gosto! ;0;0.0
11072;793;151;16;fem;21.0;ED;1;0.6666666666666666
11075;2626;1346;84;masc;27.0;concordo e os ignorantes do g1 são todos lindos bonitos e fodoes;1;0.6666666666666666
11181;2773;2327;1;fem;24.0;"Se estudar , se qualificar e buscar, até um chipanzé vai pra NASA...agora ficar esperando ""apoio"", ""cota"", ""empurrãozinho do patrão""( no mau sentido) e imposição de peitos e suas sacepeP, podem esquecer.";1;1.0
11253;3730;2635;128;masc;23.0;A lei é baseada em fatos.... claro que o cara cometeu um erro... mas a reportagem está incompleta. Deveriam noticiar após terem o laudo já concluído.;1;0.6
11327;984;1521;25;fem;22.0;"Não chega a ser feminista propriamente... A recomendação que faço é se afastar das feminazis. Além disso, a reportagem é um baita de um ""non sequitur"" em relação à chamada, pois não vi rigorosamente NADA que se encaixe no tal do ""feminismo de 3a geração"". No mais, sucesso.";1;1.0
11417;3021;2014;100;masc;46.0;Mulheres Só Gostam,Desses Caras!!!Pra mim Foi Pouco;1;1.0
11422;2657;1236;84;masc;27.0;E viva a cambada de analfabetos funcionais entrando nas universidades  do Brasil, pois o ENEM hoje em dia não exige mais pensar, apenas esquerdar!;1;1.0
11442;1808;845;60;fem;34.0;Grande Catherine! As feminazis odeiam os homens e principalmente as mulheres...;1;1.0
11487;421;3271;13;masc;29.0;Estou chateado com vç !...ESQUECESTES DE MIM PARA SER O 33 !...;0;0.25
11599;1481;3208;16;fem;21.0;Em que século você está vivendo?;1;0.8
11691;2263;3205;69;masc;23.0;Infelizmente não foi o que aconteceu no casamento dela. Traição dói. E muito.;0;0.3333333333333333
11716;2988;861;98;fem;25.0;Apoio a atitude das francesas. Tem que haver bom senso e separar o flerte, a paquera do assédio, esse sim imoral e recriminável. A continuar nesse pensamento, daqui a pouco o flerte vai ter que ser por escrito, com duas testemunhas, firma reconhecida em cartório e remetida pelo correio com AR.;1;0.25
11806;2469;685;79;masc;24.0;Menininhas que parecem um bando de menininhos. E os pais, ainda acham bonitinhos...Depois reclama porque viram homossexuais.;1;1.0
11822;2458;79;79;masc;24.0;ESSA NUNCA FOI BONITA ELA E FEIA KKKKKKKKKKKK;1;1.0
11839;2478;2884;1;fem;24.0;Está certo! Isso tem que ser discutido no coletivo das instituições...E Escola, Igreja, Polícia, todos abraçando a mesma causa, mas, a Igreja, uma das principais, ainda é machista, e acha que o homem tem razão!...Bateu! Espancou! Denúncia e prisão, algum tipo de tratamento, e colocar esse homem na rua, mas, sempre deixar claro, o que aconteceu...Se repetir...Cadeia mesmo!;0;0.0
11869;2676;997;83;masc;22.0;Você é a Olguita que residiu na Rua Agostinho Gomes, Ipiranga, SP? Se é, você me conhece. Com certeza.;1;0.6666666666666666
11904;2270;2875;70;fem;25.0;"A diferença é que antes a mulher apanhava, era violada, contra a vontade e nada fazia...Aguentava quieta! No momento que começou a vir à tona isso, os homens cruéis, fanáticos, ""donos"" da mulher, começaram a aparecer...Pq as mulheres denunciaram, pediram a separação, e isso não é admitido, inclusive por muitas mulheres, que ainda acham que o homem tem mais poder ...Está na hora de um Basta!";0;0.0
11952;511;2070;16;fem;21.0;Kkkkk;1;1.0
11973;75;326;1;fem;24.0;O Presidente não foi mal educado. Apenas publicou que o autor da mensagem não deveria humilhar e a risada dele é em todas as conversas. É uma pessoa abençoada por DEUS, diferente de muitos que não abre a boca com medo de falar algo que possa prejudicá-lo. O que a maioria dos políticos e jornalistas não tem é respeito aos eleitores do Presidente.  Aceita que doe menos ;0;0.25
12051;754;790;16;fem;21.0;Perfeito!;1;0.4
